,time,activity_index,intensity,level
0,200000.0,0.15328375369124114,20.280978181656298,low
1000,201000.0,0.10430492302920262,13.800587585137375,low
2000,202000.0,0.20603082392267738,27.259944671900715,low
3000,203000.0,0.25673584400528626,33.96872744393036,low
4000,204000.0,0.2795746985081821,36.99053698807987,low
5000,205000.0,0.28010871146612615,37.06119225902658,low
6000,206000.0,0.28395413359708793,37.56998017985469,low
7000,207000.0,0.28260190616396225,37.39106692644428,low
8000,208000.0,0.2510056696153603,33.21056789354995,low
9000,209000.0,0.1540480729511429,20.382105286522943,low
10000,210000.0,0.10075842645165808,13.331350513507589,low
11000,211000.0,0.10347054201997448,13.690190608055053,low
12000,212000.0,0.10055803295420739,13.30483644367518,low
13000,213000.0,0.10167947593338462,13.453214598861008,low
14000,214000.0,0.10190168413943193,13.482614973461096,low
15000,215000.0,0.09999876077870246,13.230839124873409,low
16000,216000.0,0.09541629134173886,12.624532452240848,low
17000,217000.0,0.17213457861009157,22.775131408458925,low
18000,218000.0,0.20199425059963183,26.72586553094854,low
19000,219000.0,0.20180523721696914,26.700857164454955,low
20000,220000.0,0.18184619864005816,24.06007615435174,low
21000,221000.0,0.0977304504762096,12.930718918744136,low
22000,222000.0,0.1366912649579544,18.085625485264213,low
23000,223000.0,0.20156949692127843,26.669666358656507,low
24000,224000.0,0.2648214861958865,35.03853901171436,low
25000,225000.0,0.30504850320101484,40.36097687318189,low
26000,226000.0,0.3079456337893968,40.74429631074432,low
27000,227000.0,0.27903398101664123,36.91899464008602,low
28000,228000.0,0.242477935111387,32.08226307813934,low
29000,229000.0,0.2886825423012081,38.19559608142883,low
30000,230000.0,0.2821148687747741,37.326626994449455,low
31000,231000.0,0.32441562506392824,42.923441364587866,low
32000,232000.0,0.3583416782602766,47.41219851005023,low
33000,233000.0,0.36013002397211774,47.64881458637732,low
34000,234000.0,0.3931441370726218,52.01691290961349,moderate
35000,235000.0,0.4764313242172466,63.036643211195866,moderate
36000,236000.0,0.46395266243001676,61.385591085000854,moderate
37000,237000.0,0.41297251097365895,54.640405672419156,moderate
38000,238000.0,0.4124388409076514,54.56979576951514,moderate
39000,239000.0,0.42814559208528347,56.6479565025822,moderate
40000,240000.0,0.4302491109511077,56.92627314863991,moderate
41000,241000.0,0.5056839056406629,66.9070531621451,moderate
42000,242000.0,0.5428349266153869,71.82250589389592,moderate
43000,243000.0,0.5183368896422536,68.58116986590227,moderate
44000,244000.0,0.48321490171497106,63.9341785592801,moderate
45000,245000.0,0.5082179303331569,67.2423300474161,moderate
46000,246000.0,0.5427928512221019,71.81693889731181,moderate
47000,247000.0,0.5502569074508787,72.80450840730308,moderate
48000,248000.0,0.5217938989027892,69.03856686785676,moderate
49000,249000.0,0.5077957362934269,67.18646954098935,moderate
50000,250000.0,0.46861183027833536,62.002045726806934,moderate
51000,251000.0,0.4397753072707189,58.18668447769291,moderate
52000,252000.0,0.3850415895659597,50.944864598939596,moderate
53000,253000.0,0.32783758618743386,43.37620114645025,low
54000,254000.0,0.403736488277345,53.418387224420194,moderate
55000,255000.0,0.46500148599494145,61.5243609632457,moderate
56000,256000.0,0.47794359661804586,63.2367320192186,moderate
57000,257000.0,0.5010111336727691,66.28879855885816,moderate
58000,258000.0,0.5011037529445002,66.3010530175594,moderate
59000,259000.0,0.48573003188135816,64.26695550921877,moderate
60000,260000.0,0.4546342042146859,60.15266559093657,moderate
61000,261000.0,0.4569169843585737,60.454700302227394,moderate
62000,262000.0,0.49622258876746883,65.65522603464991,moderate
63000,263000.0,0.5085632536512668,67.28801978629289,moderate
64000,264000.0,0.4796699495017124,63.46514582253663,moderate
65000,265000.0,0.4009296159871988,53.04700986508296,moderate
66000,266000.0,0.3554224004799675,47.0259487768404,low
67000,267000.0,0.4368635451867869,57.80142914650269,moderate
68000,268000.0,0.43750273973025805,57.8860009962767,moderate
69000,269000.0,0.438410935870868,58.006164455670294,moderate
70000,270000.0,0.44667595872692384,59.09970988483691,moderate
71000,271000.0,0.44731274974086754,59.18396372354498,moderate
72000,272000.0,0.4512734296611915,59.708001406040765,moderate
73000,273000.0,0.44903455832567885,59.41177627054122,moderate
74000,274000.0,0.4317027945909646,57.118610075894146,moderate
75000,275000.0,0.4189914026356282,55.43676541397424,moderate
76000,276000.0,0.42433354747853175,56.14358476301244,moderate
77000,277000.0,0.4261310498991668,56.38141236376265,moderate
78000,278000.0,0.4428391375808655,58.59205996058684,moderate
79000,279000.0,0.4518839294523055,59.7887766522448,moderate
80000,280000.0,0.45746775479785956,60.52757275604763,moderate
81000,281000.0,0.44284230097103416,58.59247850883767,moderate
82000,282000.0,0.456344841715522,60.37900009146728,moderate
83000,283000.0,0.4710654568776447,62.32668513788736,moderate
84000,284000.0,0.44436379352555666,58.79378723568409,moderate
85000,285000.0,0.35905730636003264,47.50688328601525,low
86000,286000.0,0.3193478250397765,42.25292058698577,low
87000,287000.0,0.3444757815594963,45.577601289629385,low
88000,288000.0,0.41777861481213785,55.27630141961819,moderate
89000,289000.0,0.42742162562901465,56.55216847840963,moderate
90000,290000.0,0.43323485325943073,57.32131680560255,moderate
91000,291000.0,0.40085538329870846,53.03718813577778,moderate
92000,292000.0,0.4043414966528219,53.498435901251796,moderate
93000,293000.0,0.3831631977468068,50.69633451937502,moderate
94000,294000.0,0.49737084324690634,65.80715162026266,moderate
95000,295000.0,0.5087776970394402,67.31639279760043,moderate
96000,296000.0,0.5288465452519155,69.9717027239742,moderate
97000,297000.0,0.5226238081887518,69.14837219109582,moderate
98000,298000.0,0.46221331911712754,61.155458517591455,moderate
99000,299000.0,0.4476290742015892,59.22581662270572,moderate
100000,300000.0,0.4004527438764306,52.9839149013896,moderate
101000,301000.0,0.34848094809759556,46.10752499789601,low
102000,302000.0,0.32187865668186194,42.58777499965869,low
103000,303000.0,0.3154899598692724,41.7424863272118,low
104000,304000.0,0.3292297669500089,43.56040062611317,low
105000,305000.0,0.3248345126089804,42.978864388601764,low
106000,306000.0,0.34572248732191063,45.742552967531275,low
107000,307000.0,0.35341113880160663,46.759838682103286,low
108000,308000.0,0.4155784956689009,54.98520358787464,moderate
109000,309000.0,0.46866301118590475,62.00881747426702,moderate
110000,310000.0,0.5073898103844089,67.13276147143915,moderate
111000,311000.0,0.5653095803127363,74.7961280182233,moderate
112000,312000.0,0.5536411298721757,73.25227498031151,moderate
113000,313000.0,0.47210138602459495,62.46374895529204,moderate
114000,314000.0,0.4541111086939623,60.08345480644544,moderate
115000,315000.0,0.3889719520856469,51.46489098522146,moderate
116000,316000.0,0.36322795855526974,48.05870240668514,low
117000,317000.0,0.3046963786558438,40.31438726374276,low
118000,318000.0,0.17277740522318188,22.860183817476344,low
119000,319000.0,0.12871796332217902,17.030677699756236,low
120000,320000.0,0.09485595776906137,12.550394699946418,low
121000,321000.0,0.10725851088286006,14.191376885210827,low
122000,322000.0,0.18334049683985926,24.257786795285675,low
123000,323000.0,0.18322979484239144,24.24313981058413,low
124000,324000.0,0.38903336288532114,51.47301625002167,moderate
125000,325000.0,0.44838126094794944,59.32533847433123,moderate
126000,326000.0,0.4708363803999062,62.29637602204785,moderate
127000,327000.0,0.4368527308248479,57.79999829794078,moderate
128000,328000.0,0.3954633657782557,52.323770131233836,moderate
129000,329000.0,0.3642998088514946,48.20051895245897,low
130000,330000.0,0.3419878793426589,45.248426870535965,low
131000,331000.0,0.20019927815379368,26.488372671241788,low
132000,332000.0,0.20555897152890087,27.19751386711745,low
133000,333000.0,0.209663784114386,27.740621746989056,low
134000,334000.0,0.21314136513777288,28.200740599521318,low
135000,335000.0,0.22421773301326364,29.666255174975397,low
136000,336000.0,0.3061188706616617,40.50259722493463,low
137000,337000.0,0.37264904857807085,49.30520711836332,low
138000,338000.0,0.42852298628014235,56.69788954015142,moderate
139000,339000.0,0.4076787710864848,53.93999078456743,moderate
140000,340000.0,0.3908935533634757,51.71913810959702,moderate
141000,341000.0,0.45655574765852425,60.40690506329507,moderate
142000,342000.0,0.48392640279874793,64.02831728963353,moderate
143000,343000.0,0.43817916281218827,57.97549855512321,moderate
144000,344000.0,0.4401466060402794,58.23581102935278,moderate
145000,345000.0,0.44220397058050925,58.50802099516665,moderate
146000,346000.0,0.4354358079281323,57.61252518574611,moderate
147000,347000.0,0.4102955817010335,54.28622107774051,moderate
148000,348000.0,0.4322130003828015,57.18611541995848,moderate
149000,349000.0,0.4244619673238537,56.16057599671039,moderate
150000,350000.0,0.38706484579206607,51.21256169265911,moderate
151000,351000.0,0.448942838022628,59.39964075441381,moderate
152000,352000.0,0.4743518010002411,62.76150143017393,moderate
153000,353000.0,0.4493095261003486,59.44815726529404,moderate
154000,354000.0,0.4172922088355076,55.21194502983838,moderate
155000,355000.0,0.4360539873630465,57.69431652585837,moderate
156000,356000.0,0.45489313414031013,60.18692461738723,moderate
157000,357000.0,0.44895868282004747,59.401737180049395,moderate
158000,358000.0,0.4837737423512775,64.00811878111719,moderate
159000,359000.0,0.4718514798822398,62.43068386588423,moderate
160000,360000.0,0.4150577171105743,54.916299360749754,moderate
161000,361000.0,0.34363780050846904,45.46672799090551,low
162000,362000.0,0.33657735232494773,44.5325598738385,low
163000,363000.0,0.30357742673473526,40.16633870052688,low
164000,364000.0,0.28951773873831144,38.30610094779849,low
165000,365000.0,0.2450211110987891,32.418750771522085,low
166000,366000.0,0.21394737687923623,28.307384037910126,low
167000,367000.0,0.1586140386092976,20.986228343671947,low
168000,368000.0,0.21315452553031838,28.202481851465183,low
169000,369000.0,0.2544288326933225,33.66348670604358,low
170000,370000.0,0.2786398546437234,36.86684776752141,low
171000,371000.0,0.29761442913958763,39.377374304678,low
172000,372000.0,0.3555428120606757,47.04188043680014,low
173000,373000.0,0.3813659392839605,50.45853919668737,moderate
174000,374000.0,0.4597387561841885,60.828049019562314,moderate
175000,375000.0,0.5246065104490282,69.41070358834477,moderate
176000,376000.0,0.5479297960410474,72.49660822484708,moderate
177000,377000.0,0.495913879062354,65.61438064403853,moderate
178000,378000.0,0.4053174491281795,53.62756420338701,moderate
179000,379000.0,0.37694838272526154,49.87405215206768,low
180000,380000.0,0.36317108949096566,48.051178059031926,low
181000,381000.0,0.32644005910685486,43.19129429528722,low
182000,382000.0,0.2580196352943324,34.13858590900548,low
183000,383000.0,0.012099392231393344,1.6008709595569615,low
184000,384000.0,0.008294062434985653,1.097387656751069,low
185000,385000.0,0.007821322778008307,1.0348394581463196,low
186000,386000.0,0.030506591212817645,4.036328024887193,low
187000,387000.0,0.03980848465928242,5.267061833871567,low
188000,388000.0,0.041916747850148234,5.54600620172196,low
189000,389000.0,0.03791827299012515,5.0169678695881155,low
190000,390000.0,0.025125198029030522,3.3243157266553753,low
191000,391000.0,0.007563626590026546,1.000743667561223,low
192000,392000.0,0.1653006156868241,21.870929563166072,low
193000,393000.0,0.428695267367173,56.72068405609353,moderate
194000,394000.0,0.46459757623808323,61.470919650849986,moderate
195000,395000.0,0.45122639799011083,59.70177864418855,moderate
196000,396000.0,0.46161150365377557,61.07583229506163,moderate
197000,397000.0,0.4067890149477828,53.82226712239538,moderate
198000,398000.0,0.3799614390042789,50.272709721335865,moderate
199000,399000.0,0.32683268349289674,43.24324243992192,low
200000,400000.0,0.07860431523564185,10.400139374778238,low
201000,401000.0,0.008536451037734486,1.1294581002615618,low
202000,402000.0,0.007976810490521657,1.0554120421877495,low
203000,403000.0,0.007989638626610352,1.0571093332695571,low
204000,404000.0,0.007976630658557282,1.0553882486149928,low
205000,405000.0,0.20317339379458288,26.881878003464195,low
206000,406000.0,0.20761388306578257,27.469399275982624,low
207000,407000.0,0.2101876503481513,27.80993450454653,low
208000,408000.0,0.21099889425734097,27.917270211208688,low
209000,409000.0,0.21004893360844443,27.79158088843473,low
210000,410000.0,0.0257620041079627,3.40857155861252,low
211000,411000.0,0.026813941803195514,3.5477534675345326,low
212000,412000.0,0.027151804337723476,3.5924560699053156,low
213000,413000.0,0.026811171346285054,3.547386908295205,low
214000,414000.0,0.025638787183969215,3.392268723596121,low
215000,415000.0,0.00932860415997275,1.2342679043129818,low
216000,416000.0,0.12475258841690774,16.506018823657158,low
217000,417000.0,0.13100411159152658,17.333158047830587,low
218000,418000.0,0.13378270121778865,17.70079332703642,low
219000,419000.0,0.1338098953567941,17.70439138440752,low
220000,420000.0,0.1310654666905445,17.341275942875235,low
221000,421000.0,0.009434132655707875,1.2482303828406027,low
222000,422000.0,0.2870855819216465,37.98430220432235,low
223000,423000.0,0.41363774288875754,54.72842252763678,moderate
224000,424000.0,0.44285481613720873,58.59413439086049,moderate
225000,425000.0,0.39788622460184725,52.64433865695948,moderate
226000,426000.0,0.24481077443678909,32.39092112128129,low
227000,427000.0,0.3135928899500949,41.4914849476565,low
228000,428000.0,0.475361887029326,62.89514594385626,moderate
229000,429000.0,0.5329643185263755,70.51652543300408,moderate
230000,430000.0,0.5257606517478711,69.56340805921472,moderate
231000,431000.0,0.5002490416778165,66.18796614348568,moderate
232000,432000.0,0.4950272052936058,65.4970648103302,moderate
233000,433000.0,0.48313395648247814,63.92346869307076,moderate
234000,434000.0,0.4488887585101176,59.392485492444514,moderate
235000,435000.0,0.4711758511914185,62.341291412949865,moderate
236000,436000.0,0.53720716547047,71.07789664312342,moderate
237000,437000.0,0.5540671212296974,73.30863790997249,moderate
238000,438000.0,0.5515241678491236,72.97217966970608,moderate
239000,439000.0,0.5163222368059512,68.31461108695325,moderate
240000,440000.0,0.47857955871803376,63.320876184295585,moderate
241000,441000.0,0.501754684113717,66.38717774064806,moderate
242000,442000.0,0.5059008463096027,66.93575658874794,moderate
243000,443000.0,0.5169633919216181,68.39944234009498,moderate
244000,444000.0,0.48689270651519423,64.42078902590504,moderate
245000,445000.0,0.4751818090875872,62.871319825827086,moderate
246000,446000.0,0.41444077807150725,54.834672137450326,moderate
247000,447000.0,0.41645873964792973,55.10166869590676,moderate
248000,448000.0,0.4495268090938451,59.476905984869546,moderate
249000,449000.0,0.45863445004480247,60.68193824017815,moderate
250000,450000.0,0.45527205304847823,60.23705938982145,moderate
251000,451000.0,0.407921757637729,53.97214034266179,moderate
252000,452000.0,0.39178324970774836,51.836853860366276,moderate
253000,453000.0,0.386902761518541,51.19111631742664,moderate
254000,454000.0,0.33270049482285846,44.01961273808633,low
255000,455000.0,0.29371314043645497,38.86119467596177,low
256000,456000.0,0.25689950371747416,33.99038126550094,low
257000,457000.0,0.23515648358031097,31.11356160010207,low
258000,458000.0,0.3146974698139624,41.63763194353526,low
259000,459000.0,0.31563925365117873,41.76223939210345,low
260000,460000.0,0.30831822537295295,40.79359391466386,low
261000,461000.0,0.3311472799501478,43.8141068303414,low
262000,462000.0,0.3194924081757997,42.272050386175245,low
263000,463000.0,0.22747674626919068,30.09745531944943,low
264000,464000.0,0.22480771372666056,29.74431554137341,low
265000,465000.0,0.2142447886878267,28.346734603483696,low
266000,466000.0,0.17475141279835815,23.121364820671346,low
267000,467000.0,0.24306959657589938,32.160545824769315,low
268000,468000.0,0.29598263297666993,39.16147130400054,low
269000,469000.0,0.2918221003306971,38.610991101206125,low
270000,470000.0,0.2797681343542516,37.01613049084329,low
271000,471000.0,0.24123128891377282,31.917319281258,low
272000,472000.0,0.19658357951389221,26.00997947260579,low
273000,473000.0,0.16123649085857966,21.333205081710716,low
274000,474000.0,0.26367288852285936,34.88656801814719,low
275000,475000.0,0.33632744753291616,44.49949496309203,low
276000,476000.0,0.37040672645166844,49.008525408614645,low
277000,477000.0,0.4127041371166693,54.60489711911808,moderate
278000,478000.0,0.4377249609590646,57.91540309391847,moderate
279000,479000.0,0.41129392471340237,54.41831187251871,moderate
280000,480000.0,0.4241715901377823,56.12215618225942,moderate
281000,481000.0,0.41958813868853756,55.515719579551636,moderate
282000,482000.0,0.4125073838535189,54.57886468879829,moderate
283000,483000.0,0.3536002304965678,46.7848574100995,low
284000,484000.0,0.28455834463105933,37.6499233604071,low
285000,485000.0,0.27818713288224955,36.80694813728855,low
286000,486000.0,0.2776234837740247,36.73237170638352,low
287000,487000.0,0.25393812407391314,33.598561033464875,low
288000,488000.0,0.21548759092273254,28.511169805540465,low
289000,489000.0,0.22676604378451906,30.003422251768246,low
290000,490000.0,0.25272387824538783,33.43790413041764,low
291000,491000.0,0.2653206098404954,35.104578076536924,low
292000,492000.0,0.35667048756583974,47.19108321769164,low
293000,493000.0,0.37479329724198535,49.5889127252634,low
294000,494000.0,0.3688550840399277,48.80322755322918,low
295000,495000.0,0.36166854561251444,47.852376432101316,low
296000,496000.0,0.3668940402806527,48.543761792916165,low
297000,497000.0,0.27925840830466386,36.94868862149075,low
298000,498000.0,0.23782911720396624,31.467177837332894,low
299000,499000.0,0.20480838388473382,27.098203592752462,low
300000,500000.0,0.17973457813643734,23.780687580347116,low
301000,501000.0,0.1658121130091181,21.93860578966504,low
302000,502000.0,0.18967775476112322,25.096269586433728,low
303000,503000.0,0.1825277309622214,24.150249716931167,low
304000,504000.0,0.19916139031745983,26.351049699584316,low
305000,505000.0,0.21270221300286726,28.142636366998484,low
306000,506000.0,0.28121657779579257,37.20777408729662,low
307000,507000.0,0.28963739832533186,38.32193311145019,low
308000,508000.0,0.287876139481353,38.088900899445946,low
309000,509000.0,0.2887588355763676,38.20569044701981,low
310000,510000.0,0.30372419929975736,40.185758183134766,low
311000,511000.0,0.274809249846572,36.36002032858707,low
312000,512000.0,0.28211990745284005,37.32729366209987,low
313000,513000.0,0.28725533697265115,38.00676250035988,low
314000,514000.0,0.23916243243299282,31.643588816435265,low
315000,515000.0,0.24884592108943776,32.92481149942922,low
316000,516000.0,0.312573916574698,41.35666454890936,low
317000,517000.0,0.35302725805166374,46.709047408230695,low
318000,518000.0,0.3758714548735266,49.731563794767595,low
319000,519000.0,0.3887112140381534,51.43039272611048,moderate
320000,520000.0,0.3601367951190545,47.6497104770375,low
321000,521000.0,0.3087082734234227,40.84520118425949,low
322000,522000.0,0.26940739249380835,35.64530041552638,low
323000,523000.0,0.23424590162786138,30.99308247387034,low
324000,524000.0,0.2130794229248998,28.19254502342437,low
325000,525000.0,0.25256969854026395,33.41750460887429,low
326000,526000.0,0.27875557277266566,36.88215843673316,low
327000,527000.0,0.27330719461833386,36.16128335498123,low
328000,528000.0,0.2571083322603109,34.01801137644871,low
329000,529000.0,0.25884331864027427,34.24756747792823,low
330000,530000.0,0.2080715386146282,27.52995169577493,low
331000,531000.0,0.22669123414255582,29.993524185731253,low
332000,532000.0,0.2862951268077604,37.87971706380841,low
333000,533000.0,0.3678160527791466,48.66575329504779,low
334000,534000.0,0.3682416664812308,48.72206625710619,low
335000,535000.0,0.3813163050024476,50.451972083368545,moderate
336000,536000.0,0.3407341523587286,45.0825462145986,low
337000,537000.0,0.2614047945147753,34.58647642993781,low
338000,538000.0,0.14655959529212362,19.3913045763426,low
339000,539000.0,0.14833307480913283,19.625953705972655,low
340000,540000.0,0.1506784195804856,19.93626634505429,low
341000,541000.0,0.12221475117027435,16.170237499230293,low
342000,542000.0,0.10951870714381447,14.490423522253726,low
343000,543000.0,0.1541166752468337,20.391182058383052,low
344000,544000.0,0.15422191761583615,20.405106679473842,low
345000,545000.0,0.1334105211493575,17.651550170695767,low
346000,546000.0,0.11857292871235112,15.688387857425576,low
347000,547000.0,0.09869628400289229,13.058508382467865,low
348000,548000.0,0.09337598515903352,12.35457947823751,low
349000,549000.0,0.10038765378004598,13.282293569883501,low
350000,550000.0,0.15044504303287864,19.905388286837752,low
351000,551000.0,0.14821774173839386,19.610693983823683,low
352000,552000.0,0.30928058402395653,40.92092361747923,low
353000,553000.0,0.3550934583481583,46.98242643322865,low
354000,554000.0,0.43439145193992557,57.4743464127147,moderate
355000,555000.0,0.4545836057715012,60.145970909357196,moderate
356000,556000.0,0.45298137904527325,59.93398024176074,moderate
357000,557000.0,0.38518686975905014,50.96408662577115,moderate
358000,558000.0,0.3913932586652759,51.785254133500516,moderate
359000,559000.0,0.34606798599072064,45.788265907064584,low
360000,560000.0,0.2654297742323813,35.11902162059647,low
361000,561000.0,0.30607944709948365,40.49738109220613,low
362000,562000.0,0.32647350562887995,43.19571960564862,low
363000,563000.0,0.322879099831758,42.72014366369793,low
364000,564000.0,0.3094677595250233,40.94568881380214,low
365000,565000.0,0.2953064560849955,39.07200631859437,low
366000,566000.0,0.2656859603060128,35.15291760790528,low
367000,567000.0,0.27738078147099526,36.70025975717922,low
368000,568000.0,0.29508937001855046,39.04328365444314,low
369000,569000.0,0.3036004824502814,40.16938920296235,low
370000,570000.0,0.3390480719822873,44.85946086795447,low
371000,571000.0,0.3498522294959669,46.28895928203613,low
372000,572000.0,0.33148278055638647,43.85849692590733,low
373000,573000.0,0.2708494453736612,35.83609847656552,low
374000,574000.0,0.21930533818181383,29.01629606321594,low
375000,575000.0,0.24002595165573992,31.75784107144757,low
376000,576000.0,0.2668646647403117,35.3088720279855,low
377000,577000.0,0.27562563882058283,36.468036778934504,low
378000,578000.0,0.2823028804828355,37.351502829345634,low
379000,579000.0,0.3003466321198696,39.73887216532258,low
380000,580000.0,0.2934257965842744,38.82317620201152,low
381000,581000.0,0.26823993827207393,35.49083451141778,low
382000,582000.0,0.2650586246423807,35.069914806888775,low
383000,583000.0,0.2786907825774583,36.873586044005656,low
384000,584000.0,0.24355141070167946,32.22429466662142,low
385000,585000.0,0.2568658352968525,33.98592659572939,low
386000,586000.0,0.26981797578589056,35.699624703573534,low
387000,587000.0,0.2728100296427049,36.09550344171185,low
388000,588000.0,0.272732148184772,36.0851989436091,low
389000,589000.0,0.30574041659208706,40.45252395530905,low
390000,590000.0,0.31396108297748065,41.54020057847339,low
391000,591000.0,0.3206126493887203,42.420269535630574,low
392000,592000.0,0.34366383949098966,45.470173209486454,low
393000,593000.0,0.3359402108482183,44.44825966538845,low
394000,594000.0,0.348991511191596,46.17507761662063,low
395000,595000.0,0.3558305440101193,47.07995025991125,low
396000,596000.0,0.3674202190197165,48.613380518121055,low
397000,597000.0,0.3553826726991952,47.02069239294032,low
398000,598000.0,0.3510212304585131,46.443629835469274,low
399000,599000.0,0.36355562897435206,48.10205648994676,low
400000,600000.0,0.37943635559282324,50.20323591896061,moderate
401000,601000.0,0.37949023804484283,50.210365107850286,moderate
402000,602000.0,0.37696137726166074,49.875771459579695,low
403000,603000.0,0.42812662335828217,56.64544674972723,moderate
404000,604000.0,0.4774275352631025,63.16845192541894,moderate
405000,605000.0,0.5035417711865645,66.62362728641104,moderate
406000,606000.0,0.48327680597238126,63.942369113488574,moderate
407000,607000.0,0.398670818693007,52.74814832537561,moderate
408000,608000.0,0.354807684769138,46.9446157221687,low
409000,609000.0,0.31615198077352397,41.83007833348515,low
410000,610000.0,0.36420525814945437,48.18800894615393,low
411000,611000.0,0.4582400503934751,60.62975521013874,moderate
412000,612000.0,0.5092636759324112,67.3806926799281,moderate
413000,613000.0,0.48643637405399975,64.36041166388068,moderate
414000,614000.0,0.47600306563259703,62.979980304643625,moderate
415000,615000.0,0.4470212738183463,59.14539853524041,moderate
416000,616000.0,0.47368555458109063,62.673350345893894,moderate
417000,617000.0,0.47046366738333545,62.24706235132239,moderate
418000,618000.0,0.4661709007256989,61.67908626236363,moderate
419000,619000.0,0.46101639728130817,60.99709375255381,moderate
420000,620000.0,0.4550600757221287,60.20901266322992,moderate
421000,621000.0,0.43839559254950217,58.00413438034684,moderate
422000,622000.0,0.44816500833576883,59.296726084539465,moderate
423000,623000.0,0.44886958074724537,59.389948082047006,moderate
424000,624000.0,0.4658164090344593,61.63218345575512,moderate
425000,625000.0,0.4931190048314789,65.24459074829375,moderate
426000,626000.0,0.46800111051101645,61.92124137554443,moderate
427000,627000.0,0.4023899042410379,53.240220649017026,moderate
428000,628000.0,0.4171153594005563,55.18854607564191,moderate
429000,629000.0,0.4545995660816028,60.148082618479314,moderate
430000,630000.0,0.41448728617017505,54.84082562542043,moderate
431000,631000.0,0.40389859903966585,53.43983610438606,moderate
432000,632000.0,0.41058488474590277,54.32449877253587,moderate
433000,633000.0,0.395573881437613,52.33839246153422,moderate
434000,634000.0,0.342973923176208,45.37889036058493,low
435000,635000.0,0.35409001489238273,46.8496607986259,low
436000,636000.0,0.37058702753852807,49.03238105098164,low
437000,637000.0,0.3642094647403379,48.18856552032355,low
438000,638000.0,0.28010145760668254,37.06023250065972,low
439000,639000.0,0.20882889504361538,27.630157548268368,low
440000,640000.0,0.20127363710892732,26.630521137753266,low
441000,641000.0,0.1599410779575552,21.161808960796076,low
442000,642000.0,0.17236398112410903,22.805483662168584,low
443000,643000.0,0.19718616845365144,26.089708033822923,low
444000,644000.0,0.20564506597251395,27.208905025609013,low
445000,645000.0,0.26976630484634767,35.69278811996791,low
446000,646000.0,0.2648282812599922,35.03943806685591,low
447000,647000.0,0.3059316724502495,40.47782902380522,low
448000,648000.0,0.3371935544057203,44.614089590163246,low
449000,649000.0,0.35006557151738577,46.317186571474394,low
450000,650000.0,0.23489985716063944,31.07960735059511,low
451000,651000.0,0.17820247248355647,23.577974634129355,low
452000,652000.0,0.24730412662565696,32.720816626342256,low
453000,653000.0,0.2311869218771287,30.58834876864217,low
454000,654000.0,0.2533787725463035,33.52455321558367,low
455000,655000.0,0.29962025417403587,39.64276507689126,low
456000,656000.0,0.3331728700124026,44.082112713993745,low
457000,657000.0,0.3237237779653142,42.8319030536179,low
458000,658000.0,0.3588072462631777,47.47379782688282,low
459000,659000.0,0.3154081592754626,41.73166328812023,low
460000,660000.0,0.14471324154581824,19.14701345518526,low
461000,661000.0,0.2988856605217867,39.545570968090544,low
462000,662000.0,0.3079799079918261,40.748831131525534,low
463000,663000.0,0.3262164282911457,43.16170569515887,low
464000,664000.0,0.3462760226061307,45.81579123807009,low
465000,665000.0,0.33558681225470527,44.40150148657386,low
466000,666000.0,0.26960574004757476,35.67154378648678,low
467000,667000.0,0.18515115807779253,24.497355439558728,low
468000,668000.0,0.1780139456183257,23.553030638772203,low
469000,669000.0,0.18072891837251404,23.91224876767056,low
470000,670000.0,0.19465455364261042,25.754750000041327,low
471000,671000.0,0.2095408692829544,27.724358881848847,low
472000,672000.0,0.2562402185698152,33.90315122726679,low
473000,673000.0,0.26300524079300797,34.79823152640506,low
474000,674000.0,0.2536077711218286,33.55485202417894,low
475000,675000.0,0.23385156338283114,30.940907568500002,low
476000,676000.0,0.20143505767368466,26.651878697658205,low
477000,677000.0,0.15378241889970287,20.34695659077808,low
478000,678000.0,0.1360735844818491,18.003900162407362,low
479000,679000.0,0.13820516173575415,18.285929214658015,low
480000,680000.0,0.1452727940662294,19.221047866430226,low
481000,681000.0,0.14272331248036474,18.883725879120295,low
482000,682000.0,0.1380112641763004,18.260274622582465,low
483000,683000.0,0.19029723375735147,25.178232871543553,low
484000,684000.0,0.26690230704020623,35.3138524818463,low
485000,685000.0,0.2679844313872697,35.457028387603664,low
486000,686000.0,0.25056819569251354,33.152685705316415,low
487000,687000.0,0.20955853516391054,27.726696255103374,low
488000,688000.0,0.21591687965635042,28.567969011134508,low
489000,689000.0,0.2306914795555967,30.52279677978953,low
490000,690000.0,0.28150058140159206,37.2453506131451,low
491000,691000.0,0.3036888507227653,40.18108121182199,low
492000,692000.0,0.28070129134356436,37.13959652089912,low
493000,693000.0,0.2387144596328696,31.58431752142526,low
494000,694000.0,0.24509921424115713,32.429084600699284,low
495000,695000.0,0.2825834642467772,37.38862687581236,low
496000,696000.0,0.3268893430643826,43.25073906957389,low
497000,697000.0,0.2927704365202393,38.73646549171278,low
498000,698000.0,0.26871760222566154,35.554034243859014,low
499000,699000.0,0.26693547770264453,35.31824129321725,low
500000,700000.0,0.2668395683564742,35.30555152466542,low
501000,701000.0,0.19942792866325865,26.386315396343086,low
502000,702000.0,0.1265797368058861,16.74776888339383,low
503000,703000.0,0.1654073529470549,21.88505197336142,low
504000,704000.0,0.16465254542170427,21.785183366386793,low
505000,705000.0,0.14501910882134458,19.187482763850074,low
506000,706000.0,0.15412633973504686,20.39246076711681,low
507000,707000.0,0.2848797851464775,37.69245316492263,low
508000,708000.0,0.2806298538600342,37.13014462524848,low
509000,709000.0,0.277572626044587,36.725642718632,low
510000,710000.0,0.3007191767497421,39.788163556798786,low
511000,711000.0,0.2653686196283798,35.11093025305364,low
512000,712000.0,0.18437264075216256,24.39434978817739,low
513000,713000.0,0.19998707838076185,26.46029651272287,low
514000,714000.0,0.21042551996121683,27.841407040392564,low
515000,715000.0,0.21226502175826317,28.084791579931967,low
516000,716000.0,0.21264830874808036,28.135504293383995,low
517000,717000.0,0.2157369234082247,28.544158994391033,low
518000,718000.0,0.19441016478065756,25.722414902173814,low
519000,719000.0,0.2139220913943079,28.304038514618878,low
520000,720000.0,0.19586337340341015,25.91468897990032,low
521000,721000.0,0.18038076148431645,23.86618411904804,low
522000,722000.0,0.18080203568845035,23.921922921998704,low
523000,723000.0,0.1926186928542964,25.4853851963071,low
524000,724000.0,0.17692765285194667,23.40930320932654,low
525000,725000.0,0.1741798428407255,23.04574038193671,low
526000,726000.0,0.18240314581275036,24.133765851959602,low
527000,727000.0,0.24503080092117782,32.420032832221395,low
528000,728000.0,0.22453381322393873,29.708075757404945,low
529000,729000.0,0.22794639394943622,30.159594418517365,low
530000,730000.0,0.3373462017785072,44.63428636876781,low
531000,731000.0,0.37725655796200036,49.91482682715174,low
532000,732000.0,0.3573416107604262,47.27987954828013,low
533000,733000.0,0.36535139521505855,48.33965437667703,low
534000,734000.0,0.3505003969784533,46.37471834164818,low
535000,735000.0,0.33886000299680624,44.834577454681124,low
536000,736000.0,0.3374247505744204,44.644679162379326,low
537000,737000.0,0.293655026093622,38.85350556546796,low
538000,738000.0,0.2715622372381049,35.93040799014884,low
539000,739000.0,0.21168103709066022,28.007524550538008,low
540000,740000.0,0.2660091201548135,35.19567489747372,low
541000,741000.0,0.2656550734547859,35.14883096766619,low
542000,742000.0,0.2986729300288931,39.51742459001033,low
543000,743000.0,0.3814382994589988,50.46811317367993,moderate
544000,744000.0,0.43928809181118317,58.1222209852049,moderate
545000,745000.0,0.4303768039137406,56.94316820846683,moderate
546000,746000.0,0.42035675473986134,55.617415193023945,moderate
547000,747000.0,0.40838839402705535,54.033881017735276,moderate
548000,748000.0,0.33510778740149266,44.33812169346125,low
549000,749000.0,0.3229062909055258,42.72374131550734,low
550000,750000.0,0.386412209871462,51.12621141386181,moderate
551000,751000.0,0.36066314271851757,47.719351544167026,low
552000,752000.0,0.3213107060186952,42.512629429886545,low
553000,753000.0,0.22591661667744933,29.891034525016142,low
554000,754000.0,0.13786325815169842,18.240691940899495,low
555000,755000.0,0.1338631290779292,17.71143473969384,low
556000,756000.0,0.14600396257625264,19.31778879455732,low
557000,757000.0,0.17755391473082063,23.492163937848556,low
558000,758000.0,0.23136167404581137,30.61147023347392,low
559000,759000.0,0.2585245037418672,34.20538506888046,low
560000,760000.0,0.27888899780889037,36.89981190739392,low
561000,761000.0,0.26121093949661717,34.5608274665024,low
562000,762000.0,0.26949942716147146,35.65747752524534,low
563000,763000.0,0.2418127772767533,31.994256024510314,low
564000,764000.0,0.21716913103750282,28.73365443002278,low
565000,765000.0,0.2479214281163905,32.802491805632876,low
566000,766000.0,0.336657444533957,44.54315687648439,low
567000,767000.0,0.32822517028222864,43.42748240999448,low
568000,768000.0,0.33597848294708726,44.45332344797099,low
569000,769000.0,0.3464712452768088,45.84162115565263,low
570000,770000.0,0.310975703883959,41.145204978472336,low
571000,771000.0,0.2506170680777273,33.15915201211239,low
572000,772000.0,0.31016755513322425,41.03827879232087,low
573000,773000.0,0.30805408423780833,40.758645392920734,low
574000,774000.0,0.2989588691058207,39.555257198103504,low
575000,775000.0,0.29092905232214167,38.49283189163218,low
576000,776000.0,0.2682846126586759,35.496745380887866,low
577000,777000.0,0.23909823946988576,31.635095443505396,low
578000,778000.0,0.2553732591884338,33.78844380475941,low
579000,779000.0,0.25296863634616557,33.47028808228547,low
580000,780000.0,0.2228071214212969,29.479617111706837,low
581000,781000.0,0.22995439687855668,30.425273348041916,low
582000,782000.0,0.19284161310745845,25.51487978188292,low
583000,783000.0,0.24285772632147773,32.132513264867875,low
584000,784000.0,0.3052895897043277,40.39287503587582,low
585000,785000.0,0.3176199839113948,42.02430987396355,low
586000,786000.0,0.31068141521226167,41.10626763523748,low
587000,787000.0,0.3534701428464505,46.767645509097605,low
588000,788000.0,0.32871128049973547,43.49179966787554,low
589000,789000.0,0.41093807407654925,54.371229263774126,moderate
590000,790000.0,0.4505389747842718,59.61082565860818,moderate
591000,791000.0,0.4569864457584408,60.46389074218757,moderate
592000,792000.0,0.45196353997591604,59.79930992308071,moderate
593000,793000.0,0.44366598564293647,58.7014602531983,moderate
594000,794000.0,0.4501374234542232,59.557696389736435,moderate
595000,795000.0,0.34194730918026744,45.243059031097836,low
596000,796000.0,0.28931462418966813,38.27922685559881,low
597000,797000.0,0.2974672734404508,39.357904129583574,low
598000,798000.0,0.30736531705396286,40.667514585568846,low
599000,799000.0,0.31567835305260916,41.76741263511342,low
600000,800000.0,0.31206900320605974,41.28985944552178,low
601000,801000.0,0.2911294040337887,38.51934043278361,low
602000,802000.0,0.28265615101504993,37.39824406436584,low
603000,803000.0,0.2725802695260313,36.06510387358372,low
604000,804000.0,0.20291612745508567,26.847839086145353,low
605000,805000.0,0.24335539153378394,32.19835936446746,low
606000,806000.0,0.22099739654061387,29.240172356890458,low
607000,807000.0,0.2558503627884557,33.851569396803065,low
608000,808000.0,0.30885442966451054,40.86453912102861,low
609000,809000.0,0.4172896161027742,55.211601985290415,moderate
610000,810000.0,0.39974291077101676,52.88999686130486,moderate
611000,811000.0,0.39683511589535625,52.50526643156348,moderate
612000,812000.0,0.3931136039835433,52.01287307565517,moderate
613000,813000.0,0.3633919507866088,48.080400223874875,low
614000,814000.0,0.23014429331890632,30.450398551925318,low
615000,815000.0,0.26365861389440026,34.884679341615204,low
616000,816000.0,0.2879200945642645,38.09471659782254,low
617000,817000.0,0.30149383430606186,39.890658521983575,low
618000,818000.0,0.29860590575418333,39.50855660615492,low
619000,819000.0,0.33187779213334184,43.910760919845465,low
620000,820000.0,0.33210494504386817,43.940815528447786,low
621000,821000.0,0.3063371578467497,40.53147880913058,low
622000,822000.0,0.29832707229580724,39.47166414267159,low
623000,823000.0,0.31208278163962444,41.29168247049196,low
624000,824000.0,0.2967551934897548,39.26368880933019,low
625000,825000.0,0.2924664945699154,38.696250922884914,low
626000,826000.0,0.31042057612416946,41.07175600744177,low
627000,827000.0,0.3245542956608491,42.94178887554623,low
628000,828000.0,0.27368889514154876,36.21178616298814,low
629000,829000.0,0.16964575477067348,22.445835049453407,low
630000,830000.0,0.16369525568269883,21.658524331474325,low
631000,831000.0,0.17145734320775596,22.68552637147451,low
632000,832000.0,0.18714264819443252,24.760849558354355,low
633000,833000.0,0.2590136236656732,34.270100541094855,low
634000,834000.0,0.36000514463931704,47.63229179800033,low
635000,835000.0,0.3748558965022343,49.59719523531893,low
636000,836000.0,0.3939809333840796,52.12762945540835,moderate
637000,837000.0,0.3723434934190144,49.26477910583827,low
638000,838000.0,0.39050860152513356,51.66820511998527,moderate
639000,839000.0,0.32231740760252875,42.645826147513205,low
640000,840000.0,0.3558655445561138,47.084581183232,low
641000,841000.0,0.35760346907637475,47.31452603014497,low
642000,842000.0,0.3797818591879895,50.24894951030028,moderate
643000,843000.0,0.35087036021697493,46.42366818915508,low
644000,844000.0,0.33717207665463667,44.61124786825451,low
645000,845000.0,0.33693440792225027,44.57980191093734,low
646000,846000.0,0.3114768559858202,41.21151242853655,low
647000,847000.0,0.3076049817639617,40.69922463074552,low
648000,848000.0,0.3633933156571691,48.080580809940834,low
649000,849000.0,0.3874344845943962,51.26146861400351,moderate
650000,850000.0,0.3748123789520451,49.59143742691032,low
651000,851000.0,0.4034416377563646,53.37937554288936,moderate
652000,852000.0,0.41486588260473567,54.8909177313617,moderate
653000,853000.0,0.33495736230759404,44.31821894464498,low
654000,854000.0,0.3922889198292753,51.9037590897519,moderate
655000,855000.0,0.434611184775976,57.50341927103412,moderate
656000,856000.0,0.4613272368526414,61.03822094583029,moderate
657000,857000.0,0.4368323431436499,57.797300803212245,moderate
658000,858000.0,0.442837520713373,58.591846032799,moderate
659000,859000.0,0.412900686398144,54.63090256061606,moderate
660000,860000.0,0.35221812274014613,46.601990690191606,low
661000,861000.0,0.26208024824448467,34.67584573376207,low
662000,862000.0,0.26652221014268135,35.26356184960392,low
663000,863000.0,0.3174588956128701,42.00299627621411,low
664000,864000.0,0.3098913636047737,41.00173588266753,low
665000,865000.0,0.29745201688991324,39.35588553491108,low
666000,866000.0,0.3161009374693154,41.82332479232998,low
667000,867000.0,0.3290104980023961,43.531389144887264,low
668000,868000.0,0.2650530741296928,35.06918041838373,low
669000,869000.0,0.29657235386289543,39.23949729265748,low
670000,870000.0,0.3924981497860891,51.931442311795365,moderate
671000,871000.0,0.3882776753740647,51.37303121208468,moderate
672000,872000.0,0.3893111947736209,51.50977619573729,moderate
673000,873000.0,0.39332826044993535,52.04127427934841,moderate
674000,874000.0,0.3997935542738683,52.89669750473015,moderate
675000,875000.0,0.28766013105719934,38.06032081817954,low
676000,876000.0,0.23529619846698716,31.13204728107019,low
677000,877000.0,0.2176673471125307,28.799573414286073,low
678000,878000.0,0.17435521992558053,23.068944529446515,low
679000,879000.0,0.18000279362770882,23.81617518027513,low
680000,880000.0,0.1802040875411819,23.84280838417925,low
681000,881000.0,0.2405054070031229,31.821277823257148,low
682000,882000.0,0.28786278352885764,38.08713377295908,low
683000,883000.0,0.278446824805453,36.84130798366242,low
684000,884000.0,0.2796546616346463,37.00111691181023,low
685000,885000.0,0.2883877643526878,38.15659400196243,low
686000,886000.0,0.24548626681888297,32.48029553920372,low
687000,887000.0,0.19855638990758936,26.271002076682343,low
688000,888000.0,0.213381689857577,28.232537970615702,low
689000,889000.0,0.16235168889593501,21.480756968451352,low
690000,890000.0,0.20170717308753575,26.687882296463084,low
691000,891000.0,0.2092899324737845,27.691157424882963,low
692000,892000.0,0.21517592121298074,28.4699327766242,low
693000,893000.0,0.23225347192347104,30.729464038190464,low
694000,894000.0,0.23922923635342536,31.652427645209453,low
695000,895000.0,0.22342441600312113,29.561291376879446,low
696000,896000.0,0.23314149441826978,30.84695832188416,low
697000,897000.0,0.24492129712657493,32.40554438177789,low
698000,898000.0,0.21656703407305106,28.65399096207376,low
699000,899000.0,0.20202453278718344,26.729872168118085,low
700000,900000.0,0.18842849666089612,24.930980208637056,low
701000,901000.0,0.1668103623266473,22.07068418767611,low
702000,902000.0,0.16906190906312116,22.368586405868037,low
703000,903000.0,0.17559830017556272,23.23341651568661,low
704000,904000.0,0.1885289669439114,24.944273434883605,low
705000,905000.0,0.18189348097140023,24.066332081070875,low
706000,906000.0,0.18957599770164033,25.082806106753036,low
707000,907000.0,0.24900660239239134,32.94607124758208,low
708000,908000.0,0.25048569567003126,33.1417701247956,low
709000,909000.0,0.2513437520609368,33.25529959235835,low
710000,910000.0,0.24821190090760126,32.84092426960278,low
711000,911000.0,0.24415312337712872,32.30390728928066,low
712000,912000.0,0.15093530254951582,19.970254538614807,low
713000,913000.0,0.1332514127330094,17.630498531218215,low
714000,914000.0,0.12666749786644801,16.75938055202533,low
715000,915000.0,0.13202340669270113,17.468021014125306,low
716000,916000.0,0.14459739741575026,19.131686114760686,low
717000,917000.0,0.14663548254208603,19.40134522072722,low
718000,918000.0,0.20859134079397668,27.598726738167084,low
719000,919000.0,0.24467952184015743,32.37355508617013,low
720000,920000.0,0.24793640142795179,32.80447292494767,low
721000,921000.0,0.2518838397858537,33.326758615910734,low
722000,922000.0,0.24897165032572985,32.94144673856338,low
723000,923000.0,0.22434034401763508,29.682477840747907,low
724000,924000.0,0.19252671698986465,25.4732158668455,low
725000,925000.0,0.18905788333484116,25.01425437889137,low
726000,926000.0,0.18785209503425163,24.85471649162635,low
727000,927000.0,0.19499850901573693,25.800258746075123,low
728000,928000.0,0.17737567507220167,23.468581043115705,low
729000,929000.0,0.17977150737291753,23.78557368876555,low
730000,930000.0,0.16512016452247158,21.84705406404136,low
731000,931000.0,0.16439955802919481,21.751710596675963,low
732000,932000.0,0.19678151104164027,26.036167799150856,low
733000,933000.0,0.21157852831103238,27.993961610741742,low
734000,934000.0,0.2530533891273578,33.481501725380724,low
735000,935000.0,0.27229349184045776,36.027160309154716,low
736000,936000.0,0.3077474913668443,40.718080080701164,low
737000,937000.0,0.3038316392117624,40.199973561208054,low
738000,938000.0,0.28634018176654297,37.88567828679545,low
739000,939000.0,0.27617669916810134,36.54094759052195,low
740000,940000.0,0.33284035045746524,44.03811704141749,low
741000,941000.0,0.32442137588036346,42.924202255287895,low
742000,942000.0,0.31816581154590706,42.096528345131645,low
743000,943000.0,0.330470542411992,43.724567665781976,low
744000,944000.0,0.3131840129619758,41.43738642073937,low
745000,945000.0,0.20353822100155536,26.93014830247831,low
746000,946000.0,0.20434610380180107,27.03703930071236,low
747000,947000.0,0.18807225588025372,24.88384597995567,low
748000,948000.0,0.14825768477414986,19.61597884811731,low
749000,949000.0,0.16641056032887652,22.017786373012044,low
750000,950000.0,0.1585987190971102,20.98420141854163,low
751000,951000.0,0.1404298165200097,18.580273357821973,low
752000,952000.0,0.1449942402377282,19.184192400784276,low
753000,953000.0,0.1485935303290135,19.66041458384646,low
754000,954000.0,0.1632758361622194,21.60303092177523,low
755000,955000.0,0.16685802094006105,22.076989900287764,low
756000,956000.0,0.16253345458687038,21.50480639262881,low
757000,957000.0,0.1579786677899564,20.90216241095558,low
758000,958000.0,0.15411811687610724,20.391372800396727,low
759000,959000.0,0.1281618564993565,16.957099188865566,low
760000,960000.0,0.15219155831703035,20.136469777986242,low
761000,961000.0,0.17645091957639056,23.34622661492438,low
762000,962000.0,0.18201973567938293,24.083036845380644,low
763000,963000.0,0.20475097691516936,27.090608074837647,low
764000,964000.0,0.20759449493681115,27.466834032040044,low
765000,965000.0,0.21362458273091808,28.264675134183815,low
766000,966000.0,0.1955996165051995,25.879791296557787,low
767000,967000.0,0.2456637849667943,32.50378297083258,low
768000,968000.0,0.2719469966177339,35.981315515542306,low
769000,969000.0,0.3008777514164868,39.80914457584985,low
770000,970000.0,0.3331424072040787,44.078082178884245,low
771000,971000.0,0.34968785480158054,46.267210861148804,low
772000,972000.0,0.2935061541972473,38.833808320264026,low
773000,973000.0,0.21537464466836495,28.496225883139246,low
774000,974000.0,0.2082862973034243,27.558366424517594,low
775000,975000.0,0.26053276118393826,34.47109767302136,low
776000,976000.0,0.2734098848893707,36.17487030791142,low
777000,977000.0,0.27852426493820354,36.851554090016656,low
778000,978000.0,0.32073429346049487,42.436364266521345,low
779000,979000.0,0.29542997407787697,39.08834898804463,low
780000,980000.0,0.30706242090655106,40.62743838695656,low
781000,981000.0,0.30540423536292904,40.408043806503656,low
782000,982000.0,0.306650136834381,40.57288906864349,low
783000,983000.0,0.24982199550362583,33.053955935294844,low
784000,984000.0,0.2617834219494513,34.63657263750531,low
785000,985000.0,0.18875083873986467,24.973629299053773,low
786000,986000.0,0.14987768514463284,19.830321147133688,low
787000,987000.0,0.15241016270412924,20.165393331190046,low
788000,988000.0,0.17300266190991284,22.889987536649773,low
789000,989000.0,0.198300724797336,26.23717501805417,low
790000,990000.0,0.2281342653745435,30.18445169257155,low
791000,991000.0,0.22364830339798794,29.59091392500407,low
792000,992000.0,0.31766057200354164,42.02968008568816,low
793000,993000.0,0.3190838799632621,42.21799800576606,low
794000,994000.0,0.30704015978371163,40.62449301710663,low
795000,995000.0,0.2818566844389866,37.29246661701311,low
796000,996000.0,0.2760887925940492,36.52931666899607,low
797000,997000.0,0.21534888094825835,28.492817084536803,low
798000,998000.0,0.19881357222609097,26.305029877180658,low
799000,999000.0,0.24347372977883955,32.21401670132302,low
800000,1000000.0,0.2372235514512686,31.387055413904008,low
801000,1001000.0,0.24555647097266026,32.489584252956696,low
802000,1002000.0,0.29216979418431765,38.65699448570947,low
803000,1003000.0,0.25497570894882043,33.73584392028665,low
804000,1004000.0,0.24804319089264615,32.818602242317205,low
805000,1005000.0,0.25458677637859695,33.684384239916824,low
806000,1006000.0,0.3444698007358626,45.57680996666982,low
807000,1007000.0,0.3228837533229665,42.72075936726335,low
808000,1008000.0,0.3894571693381206,51.52909009487142,moderate
809000,1009000.0,0.42786468609716855,56.610789822625165,moderate
810000,1010000.0,0.4320795586060557,57.16845973435885,moderate
811000,1011000.0,0.4299444216897836,56.885959703070554,moderate
812000,1012000.0,0.43554159951212446,57.62652247348914,moderate
813000,1013000.0,0.4622707566757894,61.16305808275069,moderate
814000,1014000.0,0.4389795168313369,58.08139342009794,moderate
815000,1015000.0,0.4185287938786257,55.37555763505784,moderate
816000,1016000.0,0.39901322205986384,52.79345172541197,moderate
817000,1017000.0,0.35900949337799326,47.50055714888598,low
818000,1018000.0,0.2868927152251115,37.95878400575139,low
819000,1019000.0,0.1956824724254227,25.890753965919682,low
820000,1020000.0,0.3364111177741617,44.51056537529354,low
821000,1021000.0,0.3926160466017484,51.947041243113866,moderate
822000,1022000.0,0.41252279689185584,54.58090398837634,moderate
823000,1023000.0,0.4123070694700874,54.552361086544195,moderate
824000,1024000.0,0.37915025057019275,50.16538135458637,moderate
825000,1025000.0,0.37110529966144135,49.10095365155963,low
826000,1026000.0,0.3170755627294197,41.952277490574055,low
827000,1027000.0,0.24286600514799267,32.133608636659574,low
828000,1028000.0,0.09953243705287543,13.169139818317172,low
829000,1029000.0,0.1664856715815594,22.02772434517266,low
830000,1030000.0,0.1938410404228292,25.647114040824764,low
831000,1031000.0,0.3132598417907297,41.447419335412086,low
832000,1032000.0,0.3570510806288791,47.24143949760855,low
833000,1033000.0,0.38997355602434197,51.59741323326252,moderate
834000,1034000.0,0.3702486622779383,48.9876119329101,low
835000,1035000.0,0.25888933996807617,34.253656561230045,low
836000,1036000.0,0.12586613872618768,16.653352699445286,low
837000,1037000.0,0.22740753464410612,30.088297927198425,low
838000,1038000.0,0.3141602852184146,41.5665570331193,low
839000,1039000.0,0.36378154846927907,48.13194790529306,low
840000,1040000.0,0.39727593727318083,52.56359152166844,moderate
841000,1041000.0,0.43453240164200063,57.49299547214637,moderate
842000,1042000.0,0.4098425711829154,54.22628324210712,moderate
843000,1043000.0,0.4186918021280949,55.39712526157601,moderate
844000,1044000.0,0.38711606600715254,51.219338640898,moderate
845000,1045000.0,0.2713506842307966,35.90241740522275,low
846000,1046000.0,0.1504625379882837,19.90770304492734,low
847000,1047000.0,0.16277686369354313,21.537011859044974,low
848000,1048000.0,0.20058439920821777,26.539328049838563,low
849000,1049000.0,0.20925005346175773,27.68588103157092,low
850000,1050000.0,0.24554918809631746,32.48862065536301,low
851000,1051000.0,0.31696699513028076,41.93791290818128,low
852000,1052000.0,0.3694666735512607,48.884146980349016,low
853000,1053000.0,0.3499718112766592,46.30478115113016,low
854000,1054000.0,0.41769274679206814,55.26494021923264,moderate
855000,1055000.0,0.4823284056233077,63.816886234032346,moderate
856000,1056000.0,0.4986122805225652,65.97140622451933,moderate
857000,1057000.0,0.4718978962272953,62.43682521393106,moderate
858000,1058000.0,0.4280659972808822,56.63742531155535,moderate
859000,1059000.0,0.3540134172841814,46.83952616672076,low
860000,1060000.0,0.32507476708730476,43.010652466043794,low
861000,1061000.0,0.1383398260376418,18.30374665259689,low
862000,1062000.0,0.1144394312268718,15.141484677550437,low
863000,1063000.0,0.13423981956154019,17.76127466920614,low
864000,1064000.0,0.13331681394562955,17.639151767678456,low
865000,1065000.0,0.13890889515162144,18.379040204630613,low
866000,1066000.0,0.18259872168023702,24.159642501022784,low
867000,1067000.0,0.30899342325366924,40.88292936709993,low
868000,1068000.0,0.32380057818894503,42.842064493576764,low
869000,1069000.0,0.3292714879433537,43.56592073203025,low
870000,1070000.0,0.36443989063893295,48.219053178078255,low
871000,1071000.0,0.38264073049093805,50.62720686062622,moderate
872000,1072000.0,0.4089108490104025,54.10300705270637,moderate
873000,1073000.0,0.4063277326830111,53.76123485170697,moderate
874000,1074000.0,0.3644104726877256,48.21516088804609,low
875000,1075000.0,0.33157381489414023,43.870541681945106,low
876000,1076000.0,0.30887742155177994,40.867581178342824,low
877000,1077000.0,0.36369815836030667,48.12091455740127,low
878000,1078000.0,0.37525524288298484,49.65003276728098,low
879000,1079000.0,0.328145076743783,43.41688523145083,low
880000,1080000.0,0.33492148277221606,44.31347172221178,low
881000,1081000.0,0.27158891821623043,35.93393815118808,low
882000,1082000.0,0.28912617009323877,38.254292488284015,low
883000,1083000.0,0.32586403234899847,43.11508017717744,low
884000,1084000.0,0.3163547279968967,41.85690382486695,low
885000,1085000.0,0.3248489031848386,42.980768406137706,low
886000,1086000.0,0.3276533711082975,43.35182764364433,low
887000,1087000.0,0.3387916140909018,44.82552891643024,low
888000,1088000.0,0.2933660089303149,38.81526569567092,low
889000,1089000.0,0.2780655897971291,36.7908667679451,low
890000,1090000.0,0.22325400296783673,29.53874402292154,low
891000,1091000.0,0.2366795471798933,31.315078191968837,low
892000,1092000.0,0.256786833415961,33.97547385443042,low
893000,1093000.0,0.24866463525065136,32.900825564504395,low
894000,1094000.0,0.26677459464254943,35.29695485057076,low
895000,1095000.0,0.3043901450396702,40.273869484535595,low
896000,1096000.0,0.3684885801641359,48.75473541411181,low
897000,1097000.0,0.4631101497407201,61.2741182050777,moderate
898000,1098000.0,0.4675304250579341,61.85896496872042,moderate
899000,1099000.0,0.4688525819700831,62.03389959057235,moderate
900000,1100000.0,0.45401918066585034,60.071291806208784,moderate
901000,1101000.0,0.45478986456839915,60.17326101714049,moderate
902000,1102000.0,0.3602268596418142,47.66162691682348,low
903000,1103000.0,0.4263016300788256,56.40398183259789,moderate
904000,1104000.0,0.4567226861905979,60.42899270562593,moderate
905000,1105000.0,0.39014012577805157,51.61945208251666,moderate
906000,1106000.0,0.3865130071372883,51.13954790321418,moderate
907000,1107000.0,0.4157216380557804,55.00414276150044,moderate
908000,1108000.0,0.420041618027732,55.5757194449161,moderate
909000,1109000.0,0.43392066141695046,57.41205610408995,moderate
910000,1110000.0,0.44648566588928734,59.07453223361626,moderate
911000,1111000.0,0.4875921903618312,64.51333775524161,moderate
912000,1112000.0,0.49887398153783474,66.00603189392648,moderate
913000,1113000.0,0.4885157847591041,64.63553855844951,moderate
914000,1114000.0,0.4880834828380416,64.57834067793168,moderate
915000,1115000.0,0.45275421826003154,59.9039245912546,moderate
916000,1116000.0,0.4096885215073114,54.205900924773545,moderate
917000,1117000.0,0.4070134766095168,53.85196565178693,moderate
918000,1118000.0,0.37250184481274534,49.28573058362998,low
919000,1119000.0,0.34375112705118566,45.48172222926992,low
920000,1120000.0,0.3496641639417531,46.264076322753866,low
921000,1121000.0,0.3497270699563299,46.27239941948398,low
922000,1122000.0,0.2610412896900674,34.53838109536193,low
923000,1123000.0,0.2746453405550874,36.338333485172036,low
924000,1124000.0,0.30536545438187745,40.40291269370383,low
925000,1125000.0,0.3224991982647434,42.669878875641395,low
926000,1126000.0,0.3788799959909392,50.129623962864514,moderate
927000,1127000.0,0.3777259702668454,49.976934783693174,low
928000,1128000.0,0.36795102696518706,48.68361173376849,low
929000,1129000.0,0.32378790603994106,42.84038784115095,low
930000,1130000.0,0.3716883804550853,49.17810108936217,low
931000,1131000.0,0.2983844626338974,39.47925746007553,low
932000,1132000.0,0.30536775220496964,40.40321671874808,low
933000,1133000.0,0.2993465536771097,39.60655175569579,low
934000,1134000.0,0.2954026214987555,39.084729967456894,low
935000,1135000.0,0.2900465917440923,38.37607350531525,low
936000,1136000.0,0.29913142436876167,39.57808799026876,low
937000,1137000.0,0.2773657040966814,36.698264869318415,low
938000,1138000.0,0.2730207638965549,36.12338569734259,low
939000,1139000.0,0.29468571000748334,38.98987538592076,low
940000,1140000.0,0.23786650841029366,31.472125068996075,low
941000,1141000.0,0.24780942911435866,32.78767321421744,low
942000,1142000.0,0.3233223344400912,42.77878804840596,low
943000,1143000.0,0.32799125615643643,43.39653322479167,low
944000,1144000.0,0.33512787320015,44.340779246101505,low
945000,1145000.0,0.36592390789886114,48.41540354754031,low
946000,1146000.0,0.3675982766350457,48.63693932670062,low
947000,1147000.0,0.3172055350554042,41.96947413303638,low
948000,1148000.0,0.35247298454711634,46.635711463737586,low
949000,1149000.0,0.32938443552687396,43.5808648302917,low
950000,1150000.0,0.3126986388796978,41.37316656093316,low
951000,1151000.0,0.3181631625064117,42.096177850634255,low
952000,1152000.0,0.35742869518158193,47.291401690730915,low
953000,1153000.0,0.4313553647259589,57.072641619732586,moderate
954000,1154000.0,0.483785769859777,64.00971014113796,moderate
955000,1155000.0,0.5041904366726994,66.70945223690119,moderate
956000,1156000.0,0.45997430799896444,60.8592148874451,moderate
957000,1157000.0,0.23868185777517537,31.58000396862755,low
958000,1158000.0,0.20227799521735512,26.763407790076666,low
959000,1159000.0,0.13028013250059445,17.237368351965323,low
960000,1160000.0,0.14187790415009086,18.771869876850076,low
961000,1161000.0,0.13536264834464648,17.909836180152595,low
962000,1162000.0,0.12231277270399211,16.18320673138171,low
963000,1163000.0,0.11726497420671715,15.515332356417987,low
964000,1164000.0,0.19675263143927857,26.032346738071077,low
965000,1165000.0,0.31004785316489875,41.02244102119739,low
966000,1166000.0,0.3822264416288755,50.57239228850059,moderate
967000,1167000.0,0.4065030608895958,53.78443253213132,moderate
968000,1168000.0,0.4327285792771922,57.254331679387526,moderate
969000,1169000.0,0.4423503413951582,58.52738732217028,moderate
970000,1170000.0,0.43074601519097405,56.9920185639525,moderate
971000,1171000.0,0.35709722943875766,47.24754544806787,low
972000,1172000.0,0.34624902421822307,45.812219080532785,low
973000,1173000.0,0.33022209255592727,43.69169525765819,low
974000,1174000.0,0.3390669574194393,44.861959600726905,low
975000,1175000.0,0.3623188590735912,47.938419426206885,low
976000,1176000.0,0.3837768272924841,50.77752386350192,moderate
977000,1177000.0,0.40707709795161484,53.860383393523456,moderate
978000,1178000.0,0.40928378802042076,54.15235062463183,moderate
979000,1179000.0,0.3466313236920554,45.86280113571438,low
980000,1180000.0,0.3499176724391018,46.297618039862066,low
981000,1181000.0,0.3273971577062757,43.317928040515355,low
982000,1182000.0,0.3300021311951025,43.66259216321885,low
983000,1183000.0,0.33720251069504864,44.6152745970807,low
984000,1184000.0,0.33862142154444325,44.80301073535568,low
985000,1185000.0,0.3442410772910494,45.546547560627545,low
986000,1186000.0,0.35779565697161075,47.339954416495104,low
987000,1187000.0,0.3506450169919123,46.393853020092315,low
988000,1188000.0,0.3352266142315797,44.35384367501739,low
989000,1189000.0,0.4126790752601998,54.60158118411512,moderate
990000,1190000.0,0.4682585937994129,61.95530899737882,moderate
991000,1191000.0,0.4748898312592772,62.83268823035213,moderate
992000,1192000.0,0.47621578538238146,63.00812526130273,moderate
993000,1193000.0,0.48731626720494525,64.47683035383827,moderate
994000,1194000.0,0.4656884969143065,61.615259399189966,moderate
